name,email,password
Ana Silva,ana.silva1@example.com,Passw0rd123
Bruno Souza,bruno.souza2@example.com,Passw0rd124
Carla Pereira,carla.pereira3@example.com,Passw0rd125
Diego Costa,diego.costa4@example.com,Passw0rd126
Eduarda Gomes,eduarda.gomes5@example.com,Passw0rd127
Felipe Rocha,felipe.rocha6@example.com,Passw0rd128
Gabriela Alves,gabriela.alves7@example.com,Passw0rd129
Hélio Martins,helio.martins8@example.com,Passw0rd130
Iara Fernandes,iara.fernandes9@example.com,Passw0rd131
João Oliveira,joao.oliveira10@example.com,Passw0rd132
Karla Lima,karla.lima11@example.com,Passw0rd133
Lucas Ribeiro,lucas.ribeiro12@example.com,Passw0rd134
Mariana Nunes,mariana.nunes13@example.com,Passw0rd135
Nicolas Barros,nicolas.barros14@example.com,Passw0rd136
Olívia Castro,olivia.castro15@example.com,Passw0rd137
Paulo Mendes,paulo.mendes16@example.com,Passw0rd138
Queli Santana,queli.santana17@example.com,Passw0rd139
Rafael Dias,rafael.dias18@example.com,Passw0rd140
Sofia Moreira,sofia.moreira19@example.com,Passw0rd141
Thiago Pinto,thiago.pinto20@example.com,Passw0rd142
Úrsula Rocha,ursula.rocha21@example.com,Passw0rd143
Vitor Carvalho,vitor.carvalho22@example.com,Passw0rd144
Wellington Azevedo,wellington.azevedo23@example.com,Passw0rd145
Ximena Farias,ximena.farias24@example.com,Passw0rd146
Yasmin Costa,yasmin.costa25@example.com,Passw0rd147
Zeca Lima,zeca.lima26@example.com,Passw0rd148
Aline Castro,aline.castro27@example.com,Passw0rd149
Bernardo Freitas,bernardo.freitas28@example.com,Passw0rd150
Clarice Rocha,clarice.rocha29@example.com,Passw0rd151
Denis Nogueira,denis.nogueira30@example.com,Passw0rd152
Evelyn Pinto,evelyn.pinto31@example.com,Passw0rd153
Fernando Alves,fernando.alves32@example.com,Passw0rd154
Gisele Moraes,gisele.moraes33@example.com,Passw0rd155
Hugo Santana,hugo.santana34@example.com,Passw0rd156
Inês Duarte,ines.duarte35@example.com,Passw0rd157
Joana Esteves,joana.esteves36@example.com,Passw0rd158
Kauã Silva,kaua.silva37@example.com,Passw0rd159
Larissa Ramos,larissa.ramos38@example.com,Passw0rd160
Mateus Lopes,mateus.lopes39@example.com,Passw0rd161
Nathalia Costa,nathalia.costa40@example.com,Passw0rd162
Otávio Martins,otavio.martins41@example.com,Passw0rd163
Patrícia Araujo,patricia.araujo42@example.com,Passw0rd164
Renato Teixeira,renato.teixeira43@example.com,Passw0rd165
Sandra Cardoso,sandra.cardoso44@example.com,Passw0rd166
Tiago Ramos,tiago.ramos45@example.com,Passw0rd167
Ubirajara Silva,ubirajara.silva46@example.com,Passw0rd168
Vanessa Lopes,vanessa.lopes47@example.com,Passw0rd169
Wanda Pereira,wanda.pereira48@example.com,Passw0rd170
Xavier Rocha,xavier.rocha49@example.com,Passw0rd171
Yuri Almeida,yuri.almeida50@example.com,Passw0rd172
Zuleica Mendez,zuleica.mendez51@example.com,Passw0rd173
